x-axis,1,2
second,Volt,Volt
-343.0000E-09,-2.5000004098E-03,-87.5000003725E-03
-342.5000E-09,-5.6250004563E-03,-87.5000003725E-03
-342.0000E-09,-5.6250004563E-03,-87.5000003725E-03
-341.5000E-09,-5.6250004563E-03,-25.0000003725E-03
-341.0000E-09,-5.6250004563E-03,-87.5000003725E-03
-340.5000E-09,-8.7500005029E-03,-87.5000003725E-03
-340.0000E-09,-5.6250004563E-03,-87.5000003725E-03
-339.5000E-09,-5.6250004563E-03,-87.5000003725E-03
-339.0000E-09,-5.6250004563E-03,-87.5000003725E-03
-338.5000E-09,-8.7500005029E-03,-150.0000003725E-03
-338.0000E-09,-5.6250004563E-03,-87.5000003725E-03
-337.5000E-09,-5.6250004563E-03,-150.0000003725E-03
-337.0000E-09,-2.5000004098E-03,-87.5000003726E-03
-336.5000E-09,-8.7500005029E-03,-25.0000003726E-03
-336.0000E-09,-8.7500005029E-03,-87.5000003725E-03
-335.5000E-09,-5.6250004563E-03,-87.5000003725E-03
-335.0000E-09,-5.6250004563E-03,-87.5000003725E-03
-334.5000E-09,-2.5000004098E-03,-25.0000003726E-03
-334.0000E-09,-5.6250004563E-03,-87.5000003725E-03
-333.5000E-09,-5.6250004563E-03,-25.0000003726E-03
-333.0000E-09,-2.5000004098E-03,-87.5000003725E-03
-332.5000E-09,-8.7500005029E-03,-87.5000003725E-03
-332.0000E-09,-5.6250004564E-03,-25.0000003726E-03
-331.5000E-09,-2.5000004098E-03,-87.5000003725E-03
-331.0000E-09,-2.5000004098E-03,-25.0000003726E-03
-330.5000E-09,-5.6250004563E-03,-150.0000003724E-03
-330.0000E-09,-5.6250004563E-03,-87.5000003726E-03
-329.5000E-09,-2.5000004098E-03,-87.5000003725E-03
-329.0000E-09,-8.7500005029E-03,-87.5000003725E-03
-328.5000E-09,-5.6250004564E-03,+37.4999996274E-03
-328.0000E-09,-5.6250004563E-03,-87.5000003724E-03
-327.5000E-09,-5.6250004563E-03,-25.0000003726E-03
-327.0000E-09,-2.5000004098E-03,-25.0000003725E-03
-326.5000E-09,-5.6250004563E-03,-25.0000003725E-03
-326.0000E-09,-5.6250004563E-03,-25.0000003725E-03
-325.5000E-09,-2.5000004098E-03,-25.0000003725E-03
-325.0000E-09,-5.6250004563E-03,-87.5000003725E-03
-324.5000E-09,-8.7500005029E-03,-150.0000003725E-03
-324.0000E-09,-5.6250004564E-03,-87.5000003726E-03
-323.5000E-09,-5.6250004563E-03,-87.5000003725E-03
-323.0000E-09,-8.7500005029E-03,-87.5000003725E-03
-322.5000E-09,-8.7500005029E-03,-87.5000003725E-03
-322.0000E-09,-5.6250004564E-03,-87.5000003725E-03
-321.5000E-09,-5.6250004563E-03,-150.0000003724E-03
-321.0000E-09,-8.7500005029E-03,-25.0000003727E-03
-320.5000E-09,-8.7500005029E-03,-25.0000003725E-03
-320.0000E-09,-5.6250004564E-03,-25.0000003725E-03
-319.5000E-09,-5.6250004563E-03,-87.5000003724E-03
-319.0000E-09,-5.6250004563E-03,-25.0000003726E-03
-318.5000E-09,-5.6250004563E-03,-25.0000003725E-03
-318.0000E-09,-5.6250004563E-03,-150.0000003723E-03
-317.5000E-09,-2.5000004098E-03,-25.0000003727E-03
-317.0000E-09,-2.5000004098E-03,-25.0000003725E-03
-316.5000E-09,-8.7500005029E-03,-87.5000003724E-03
-316.0000E-09,-5.6250004564E-03,-87.5000003725E-03
-315.5000E-09,-2.5000004098E-03,-87.5000003725E-03
-315.0000E-09,-8.7500005029E-03,-87.5000003725E-03
-314.5000E-09,-5.6250004564E-03,-25.0000003726E-03
-314.0000E-09,-2.5000004098E-03,-87.5000003724E-03
-313.5000E-09,-5.6250004563E-03,-150.0000003724E-03
-313.0000E-09,-2.5000004098E-03,-87.5000003726E-03
-312.5000E-09,-8.7500005029E-03,+37.4999996272E-03
-312.0000E-09,-8.7500005029E-03,-25.0000003724E-03
-311.5000E-09,-5.6250004564E-03,-87.5000003724E-03
-311.0000E-09,-5.6250004563E-03,-25.0000003726E-03
-310.5000E-09,-2.5000004098E-03,-25.0000003725E-03
-310.0000E-09,-5.6250004563E-03,-87.5000003724E-03
-309.5000E-09,-5.6250004563E-03,-25.0000003727E-03
-309.0000E-09,-2.5000004098E-03,-87.5000003724E-03
-308.5000E-09,-8.7500005029E-03,-150.0000003724E-03
-308.0000E-09,-5.6250004564E-03,-25.0000003728E-03
-307.5000E-09,-2.5000004098E-03,-87.5000003724E-03
-307.0000E-09,-5.6250004563E-03,-87.5000003725E-03
-306.5000E-09,-5.6250004563E-03,-25.0000003727E-03
-306.0000E-09,-5.6250004563E-03,-87.5000003724E-03
-305.5000E-09,-5.6250004563E-03,-87.5000003725E-03
-305.0000E-09,-5.6250004563E-03,-87.5000003725E-03
-304.5000E-09,-8.7500005029E-03,-25.0000003727E-03
-304.0000E-09,-5.6250004564E-03,-87.5000003724E-03
-303.5000E-09,-5.6250004563E-03,-87.5000003725E-03
-303.0000E-09,-2.5000004098E-03,-87.5000003725E-03
-302.5000E-09,-2.5000004098E-03,-25.0000003727E-03
-302.0000E-09,-5.6250004563E-03,-87.5000003724E-03
-301.5000E-09,-5.6250004563E-03,-87.5000003725E-03
-301.0000E-09,-5.6250004563E-03,-87.5000003725E-03
-300.5000E-09,-8.7500005029E-03,-87.5000003725E-03
-300.0000E-09,-8.7500005029E-03,-87.5000003725E-03
-299.5000E-09,-5.6250004564E-03,-87.5000003725E-03
-299.0000E-09,-5.6250004563E-03,-87.5000003725E-03
-298.5000E-09,-8.7500005029E-03,-87.5000003725E-03
-298.0000E-09,-5.6250004564E-03,-150.0000003724E-03
-297.5000E-09,-5.6250004563E-03,-212.5000003724E-03
-297.0000E-09,-5.6250004563E-03,-87.5000003729E-03
-296.5000E-09,-8.7500005029E-03,-25.0000003727E-03
-296.0000E-09,-8.7500005029E-03,-25.0000003725E-03
-295.5000E-09,-5.6250004564E-03,-87.5000003723E-03
-295.0000E-09,-5.6250004563E-03,-87.5000003725E-03
-294.5000E-09,-8.7500005029E-03,-25.0000003727E-03
-294.0000E-09,-5.6250004564E-03,-87.5000003723E-03
-293.5000E-09,-5.6250004563E-03,-25.0000003727E-03
-293.0000E-09,-5.6250004563E-03,-25.0000003725E-03
-292.5000E-09,-8.7500005029E-03,-87.5000003723E-03
-292.0000E-09,-5.6250004564E-03,-25.0000003727E-03
-291.5000E-09,-2.5000004098E-03,-25.0000003725E-03
-291.0000E-09,-8.7500005029E-03,-87.5000003723E-03
-290.5000E-09,-8.7500005029E-03,-25.0000003727E-03
-290.0000E-09,-5.6250004564E-03,-25.0000003725E-03
-289.5000E-09,-5.6250004563E-03,-87.5000003723E-03
-289.0000E-09,-5.6250004563E-03,+37.4999996271E-03
-288.5000E-09,-8.7500005029E-03,-25.0000003723E-03
-288.0000E-09,-5.6250004564E-03,-25.0000003725E-03
-287.5000E-09,-5.6250004563E-03,-87.5000003723E-03
-287.0000E-09,-2.5000004098E-03,-25.0000003727E-03
-286.5000E-09,-5.6250004563E-03,+37.4999996273E-03
-286.0000E-09,-8.7500005029E-03,-87.5000003721E-03
-285.5000E-09,-5.6250004564E-03,-25.0000003727E-03
-285.0000E-09,-2.5000004098E-03,-87.5000003723E-03
-284.5000E-09,-5.6250004563E-03,-87.5000003725E-03
-284.0000E-09,-5.6250004563E-03,-87.5000003725E-03
-283.5000E-09,-5.6250004563E-03,-25.0000003728E-03
-283.0000E-09,-5.6250004563E-03,-25.0000003725E-03
-282.5000E-09,-8.7500005029E-03,-25.0000003725E-03
-282.0000E-09,-5.6250004564E-03,-87.5000003723E-03
-281.5000E-09,-5.6250004563E-03,-87.5000003725E-03
-281.0000E-09,-2.5000004098E-03,-25.0000003728E-03
-280.5000E-09,-5.6250004563E-03,+37.4999996272E-03
-280.0000E-09,-5.6250004563E-03,-25.0000003723E-03
-279.5000E-09,-5.6250004563E-03,-87.5000003723E-03
-279.0000E-09,-5.6250004563E-03,+37.4999996270E-03
-278.5000E-09,-5.6250004563E-03,-25.0000003723E-03
-278.0000E-09,-5.6250004563E-03,-87.5000003723E-03
-277.5000E-09,-5.6250004563E-03,-25.0000003728E-03
-277.0000E-09,-5.6250004563E-03,-25.0000003725E-03
-276.5000E-09,-8.7500005029E-03,-87.5000003723E-03
-276.0000E-09,-5.6250004564E-03,-25.0000003728E-03
-275.5000E-09,-5.6250004563E-03,-87.5000003723E-03
-275.0000E-09,-8.7500005029E-03,-87.5000003725E-03
-274.5000E-09,-8.7500005029E-03,-87.5000003725E-03
-274.0000E-09,-5.6250004564E-03,-25.0000003728E-03
-273.5000E-09,-5.6250004563E-03,-87.5000003723E-03
-273.0000E-09,-5.6250004563E-03,-25.0000003728E-03
-272.5000E-09,-5.6250004563E-03,-87.5000003723E-03
-272.0000E-09,-2.5000004098E-03,-25.0000003728E-03
-271.5000E-09,-5.6250004563E-03,-25.0000003725E-03
-271.0000E-09,-5.6250004563E-03,+37.4999996272E-03
-270.5000E-09,-5.6250004563E-03,-25.0000003723E-03
-270.0000E-09,-5.6250004563E-03,-25.0000003725E-03
-269.5000E-09,-2.5000004098E-03,-25.0000003725E-03
-269.0000E-09,-5.6250004563E-03,-25.0000003725E-03
-268.5000E-09,-8.7500005029E-03,-87.5000003722E-03
-268.0000E-09,-5.6250004564E-03,-25.0000003728E-03
-267.5000E-09,-2.5000004098E-03,-87.5000003722E-03
-267.0000E-09,-8.7500005029E-03,-87.5000003725E-03
-266.5000E-09,-5.6250004564E-03,-25.0000003728E-03
-266.0000E-09,-5.6250004563E-03,-87.5000003722E-03
-265.5000E-09,-5.6250004563E-03,-87.5000003725E-03
-265.0000E-09,-5.6250004563E-03,-25.0000003728E-03
-264.5000E-09,-5.6250004563E-03,-25.0000003725E-03
-264.0000E-09,-8.7500005029E-03,-87.5000003722E-03
-263.5000E-09,-8.7500005029E-03,-25.0000003728E-03
-263.0000E-09,-5.6250004564E-03,-25.0000003725E-03
-262.5000E-09,-5.6250004563E-03,-25.0000003725E-03
-262.0000E-09,-5.6250004563E-03,-87.5000003722E-03
-261.5000E-09,-2.5000004098E-03,-25.0000003728E-03
-261.0000E-09,-2.5000004098E-03,-87.5000003722E-03
-260.5000E-09,-5.6250004563E-03,-150.0000003722E-03
-260.0000E-09,-8.7500005029E-03,-87.5000003728E-03
-259.5000E-09,-5.6250004564E-03,-25.0000003728E-03
-259.0000E-09,-5.6250004563E-03,-25.0000003725E-03
-258.5000E-09,-8.7500005029E-03,-25.0000003725E-03
-258.0000E-09,-5.6250004564E-03,-150.0000003719E-03
-257.5000E-09,-5.6250004563E-03,-150.0000003725E-03
-257.0000E-09,-5.6250004563E-03,-25.0000003732E-03
-256.5000E-09,-5.6250004563E-03,+37.4999996271E-03
-256.0000E-09,-5.6250004563E-03,-87.5000003719E-03
-255.5000E-09,-2.5000004098E-03,-150.0000003722E-03
-255.0000E-09,-2.5000004098E-03,-25.0000003732E-03
-254.5000E-09,-8.7500005029E-03,-25.0000003725E-03
-254.0000E-09,-5.6250004564E-03,-150.0000003718E-03
-253.5000E-09,-2.5000004098E-03,-87.5000003729E-03
-253.0000E-09,-2.5000004098E-03,-25.0000003729E-03
-252.5000E-09,-5.6250004563E-03,-87.5000003722E-03
-252.0000E-09,-5.6250004563E-03,-25.0000003729E-03
-251.5000E-09,-2.5000004098E-03,-87.5000003722E-03
-251.0000E-09,-5.6250004563E-03,-87.5000003725E-03
-250.5000E-09,-5.6250004563E-03,-25.0000003729E-03
-250.0000E-09,-5.6250004563E-03,-87.5000003722E-03
-249.5000E-09,-5.6250004563E-03,-87.5000003725E-03
-249.0000E-09,-2.5000004098E-03,-25.0000003729E-03
-248.5000E-09,-5.6250004563E-03,-87.5000003722E-03
-248.0000E-09,-5.6250004563E-03,-87.5000003725E-03
-247.5000E-09,-5.6250004563E-03,-150.0000003722E-03
-247.0000E-09,-5.6250004563E-03,-87.5000003729E-03
-246.5000E-09,-5.6250004563E-03,-25.0000003729E-03
-246.0000E-09,-2.5000004098E-03,-87.5000003722E-03
-245.5000E-09,-2.5000004098E-03,-25.0000003729E-03
-245.0000E-09,-5.6250004563E-03,-25.0000003725E-03
-244.5000E-09,-5.6250004563E-03,-87.5000003721E-03
-244.0000E-09,-5.6250004563E-03,-87.5000003725E-03
-243.5000E-09,-5.6250004563E-03,-25.0000003729E-03
-243.0000E-09,-5.6250004563E-03,-87.5000003721E-03
-242.5000E-09,-8.7500005029E-03,-87.5000003725E-03
-242.0000E-09,-5.6250004564E-03,-87.5000003725E-03
-241.5000E-09,-5.6250004563E-03,-150.0000003721E-03
-241.0000E-09,-5.6250004563E-03,-87.5000003729E-03
-240.5000E-09,-8.7500005029E-03,+37.4999996267E-03
-240.0000E-09,-8.7500005029E-03,-87.5000003717E-03
-239.5000E-09,-8.7500005029E-03,-25.0000003729E-03
-239.0000E-09,-5.6250004564E-03,-25.0000003725E-03
-238.5000E-09,-2.5000004098E-03,-87.5000003721E-03
-238.0000E-09,-5.6250004563E-03,-87.5000003725E-03
-237.5000E-09,-5.6250004563E-03,-87.5000003725E-03
-237.0000E-09,-8.7500005029E-03,-25.0000003729E-03
-236.5000E-09,-5.6250004564E-03,-87.5000003721E-03
-236.0000E-09,-5.6250004563E-03,-25.0000003729E-03
-235.5000E-09,-5.6250004563E-03,-87.5000003721E-03
-235.0000E-09,-5.6250004563E-03,-87.5000003725E-03
-234.5000E-09,-8.7500005029E-03,-87.5000003725E-03
-234.0000E-09,-2.5000004098E-03,-87.5000003725E-03
-233.5000E-09,-2.5000004098E-03,-212.5000003718E-03
-233.0000E-09,-2.5000004098E-03,-87.5000003733E-03
-232.5000E-09,-8.7500005029E-03,-25.0000003729E-03
-232.0000E-09,-8.7500005029E-03,-87.5000003721E-03
-231.5000E-09,-5.6250004564E-03,-87.5000003725E-03
-231.0000E-09,-5.6250004563E-03,-25.0000003729E-03
-230.5000E-09,-8.7500005029E-03,-25.0000003725E-03
-230.0000E-09,-5.6250004564E-03,-150.0000003718E-03
-229.5000E-09,-5.6250004563E-03,-87.5000003729E-03
-229.0000E-09,-5.6250004563E-03,-87.5000003725E-03
-228.5000E-09,-8.7500005029E-03,-87.5000003725E-03
-228.0000E-09,-11.8750005495E-03,-87.5000003725E-03
-227.5000E-09,-15.0000005960E-03,-25.0000003729E-03
-227.0000E-09,-33.7500008753E-03,-87.5000003722E-03
-226.5000E-09,-61.8750012944E-03,-87.5000003725E-03
-226.0000E-09,-99.3750018531E-03,-87.5000003725E-03
-225.5000E-09,-146.2500025515E-03,-150.0000003722E-03
-225.0000E-09,-196.2500032966E-03,-87.5000003729E-03
-224.5000E-09,-233.7500038555E-03,-87.5000003725E-03
-224.0000E-09,-255.6250041815E-03,-87.5000003725E-03
-223.5000E-09,-258.7500042282E-03,-150.0000003722E-03
-223.0000E-09,-240.0000039489E-03,-25.0000003732E-03
-222.5000E-09,-211.8750035299E-03,-25.0000003725E-03
-222.0000E-09,-177.5000030177E-03,-87.5000003722E-03
-221.5000E-09,-146.2500025520E-03,-25.0000003729E-03
-221.0000E-09,-127.5000022725E-03,-150.0000003718E-03
-220.5000E-09,-118.1250021328E-03,-87.5000003729E-03
-220.0000E-09,-105.6250019465E-03,-87.5000003725E-03
-219.5000E-09,-99.3750018534E-03,-150.0000003722E-03
-219.0000E-09,-96.2500018068E-03,-87.5000003729E-03
-218.5000E-09,-90.0000017137E-03,-87.5000003725E-03
-218.0000E-09,-86.8750016671E-03,-87.5000003725E-03
-217.5000E-09,-83.7500016205E-03,-150.0000003722E-03
-217.0000E-09,-83.7500016205E-03,-87.5000003729E-03
-216.5000E-09,-86.8750016671E-03,-25.0000003729E-03
-216.0000E-09,-96.2500018067E-03,-87.5000003722E-03
-215.5000E-09,-96.2500018068E-03,-87.5000003725E-03
-215.0000E-09,-90.0000017137E-03,-87.5000003725E-03
-214.5000E-09,-65.0000013412E-03,-150.0000003722E-03
-214.0000E-09,-36.8750009222E-03,-337.5000003715E-03
-213.5000E-09,-8.7500005031E-03,-712.5000003705E-03
-213.0000E-09,+624.9996367E-06,-1.3375000003692E+00
-212.5000E-09,-2.5000004098E-03,-1.7750000003702E+00
-212.0000E-09,-2.5000004098E-03,-1.9000000003719E+00
-211.5000E-09,+9.9999997764E-03,-1.7750000003732E+00
-211.0000E-09,+22.4999999627E-03,-1.7125000003729E+00
-210.5000E-09,+19.3749999162E-03,-1.7125000003725E+00
-210.0000E-09,+9.9999997765E-03,-1.8375000003719E+00
-209.5000E-09,-2.5000004097E-03,-1.9000000003722E+00
-209.0000E-09,+624.9996368E-06,-1.7750000003732E+00
-208.5000E-09,+6.8749997299E-03,-1.7125000003729E+00
-208.0000E-09,+9.9999997765E-03,-1.7750000003722E+00
-207.5000E-09,+16.2499998696E-03,-1.7750000003725E+00
-207.0000E-09,+19.3749999162E-03,-1.7750000003725E+00
-206.5000E-09,+22.4999999627E-03,-1.7125000003728E+00
-206.0000E-09,+19.3749999162E-03,-1.8375000003719E+00
-205.5000E-09,+25.6250000093E-03,-1.7750000003728E+00
-205.0000E-09,+25.6250000093E-03,-1.7750000003725E+00
-204.5000E-09,+16.2499998697E-03,-1.7750000003725E+00
-204.0000E-09,+13.1249998231E-03,-1.7750000003725E+00
-203.5000E-09,+22.4999999627E-03,-1.8375000003722E+00
-203.0000E-09,+25.6250000093E-03,-1.8375000003725E+00
-202.5000E-09,+19.3749999162E-03,-1.9625000003719E+00
-202.0000E-09,+624.9996369E-06,-2.0875000003719E+00
-201.5000E-09,-11.8750005494E-03,-2.2750000003716E+00
-201.0000E-09,-15.0000005960E-03,-2.3375000003722E+00
-200.5000E-09,-5.6250004564E-03,-2.3375000003725E+00
-200.0000E-09,-5.6250004563E-03,-2.3375000003725E+00
-199.5000E-09,-8.7500005029E-03,-2.4000000003722E+00
-199.0000E-09,-8.7500005029E-03,-2.3375000003728E+00
-198.5000E-09,-8.7500005029E-03,-2.3375000003725E+00
-198.0000E-09,-15.0000005960E-03,-2.4000000003722E+00
-197.5000E-09,-11.8750005495E-03,-2.3375000003728E+00
-197.0000E-09,-11.8750005495E-03,-2.4000000003722E+00
-196.5000E-09,-18.1250006426E-03,-2.4625000003722E+00
-196.0000E-09,-18.1250006426E-03,-2.4000000003728E+00
-195.5000E-09,-18.1250006426E-03,-2.4000000003725E+00
-195.0000E-09,-18.1250006426E-03,-2.3375000003728E+00
-194.5000E-09,-21.2500006892E-03,-2.3375000003725E+00
-194.0000E-09,-21.2500006892E-03,-2.4625000003720E+00
-193.5000E-09,-18.1250006426E-03,-2.4625000003725E+00
-193.0000E-09,-15.0000005961E-03,-2.4625000003725E+00
-192.5000E-09,-15.0000005960E-03,-2.4000000003728E+00
-192.0000E-09,-18.1250006426E-03,-2.4625000003723E+00
-191.5000E-09,-21.2500006892E-03,-2.4000000003728E+00
-191.0000E-09,-15.0000005961E-03,-2.3375000003728E+00
-190.5000E-09,-11.8750005495E-03,-2.5250000003717E+00
-190.0000E-09,-8.7500005029E-03,-2.5250000003725E+00
-189.5000E-09,-8.7500005029E-03,-2.5875000003723E+00
-189.0000E-09,-8.7500005029E-03,-2.5875000003725E+00
-188.5000E-09,-11.8750005495E-03,-2.6500000003723E+00
-188.0000E-09,-8.7500005029E-03,-2.6500000003725E+00
-187.5000E-09,-5.6250004564E-03,-2.6500000003725E+00
-187.0000E-09,-11.8750005495E-03,-2.6500000003725E+00
-186.5000E-09,-11.8750005495E-03,-2.6500000003725E+00
-186.0000E-09,-11.8750005495E-03,-2.6500000003725E+00
-185.5000E-09,-5.6250004564E-03,-2.7125000003723E+00
-185.0000E-09,-2.5000004098E-03,-2.6500000003728E+00
-184.5000E-09,-5.6250004563E-03,-2.5875000003728E+00
-184.0000E-09,-5.6250004563E-03,-2.5875000003725E+00
-183.5000E-09,-5.6250004563E-03,-2.6500000003723E+00
-183.0000E-09,-8.7500005029E-03,-2.6500000003725E+00
-182.5000E-09,-8.7500005029E-03,-2.6500000003725E+00
-182.0000E-09,-5.6250004564E-03,-2.7125000003723E+00
-181.5000E-09,-5.6250004563E-03,-2.6500000003728E+00
-181.0000E-09,-5.6250004563E-03,-2.6500000003725E+00
-180.5000E-09,-2.5000004098E-03,-2.7125000003723E+00
-180.0000E-09,-2.5000004098E-03,-2.6500000003728E+00
-179.5000E-09,+624.9996368E-06,-2.6500000003725E+00
-179.0000E-09,-2.5000004098E-03,-2.7125000003723E+00
-178.5000E-09,-5.6250004563E-03,-2.7750000003723E+00
-178.0000E-09,-5.6250004563E-03,-2.7125000003728E+00
-177.5000E-09,-5.6250004563E-03,-2.7750000003723E+00
-177.0000E-09,-5.6250004563E-03,-2.7125000003728E+00
-176.5000E-09,-8.7500005029E-03,-2.6500000003728E+00
-176.0000E-09,-5.6250004564E-03,-2.7125000003723E+00
-175.5000E-09,-8.7500005029E-03,-2.7750000003723E+00
-175.0000E-09,-5.6250004564E-03,-2.7750000003725E+00
-174.5000E-09,-2.5000004098E-03,-2.7125000003728E+00
-174.0000E-09,-5.6250004563E-03,-2.7750000003723E+00
-173.5000E-09,-2.5000004098E-03,-2.7125000003728E+00
-173.0000E-09,-8.7500005029E-03,-2.7125000003725E+00
-172.5000E-09,-8.7500005029E-03,-2.7750000003723E+00
-172.0000E-09,-8.7500005029E-03,-2.7750000003725E+00
-171.5000E-09,-5.6250004564E-03,-2.7750000003725E+00
-171.0000E-09,-8.7500005029E-03,-2.7125000003728E+00
-170.5000E-09,-8.7500005029E-03,-2.7750000003723E+00
-170.0000E-09,-5.6250004564E-03,-2.7750000003725E+00
-169.5000E-09,-8.7500005029E-03,-2.7750000003725E+00
-169.0000E-09,-15.0000005960E-03,-2.7125000003727E+00
-168.5000E-09,-18.1250006426E-03,-2.6500000003727E+00
-168.0000E-09,-18.1250006426E-03,-2.7125000003723E+00
-167.5000E-09,-21.2500006892E-03,-2.7125000003725E+00
-167.0000E-09,-21.2500006892E-03,-2.7750000003723E+00
-166.5000E-09,-24.3750007357E-03,-2.7750000003725E+00
-166.0000E-09,-21.2500006892E-03,-2.7750000003725E+00
-165.5000E-09,-21.2500006892E-03,-2.7750000003725E+00
-165.0000E-09,-21.2500006892E-03,-2.7125000003727E+00
-164.5000E-09,-21.2500006892E-03,-2.7750000003723E+00
-164.0000E-09,-15.0000005961E-03,-2.7750000003725E+00
-163.5000E-09,-5.6250004564E-03,-2.7750000003725E+00
-163.0000E-09,-5.6250004563E-03,-2.7125000003727E+00
-162.5000E-09,+624.9996368E-06,-2.7750000003723E+00
-162.0000E-09,+6.8749997299E-03,-2.7750000003725E+00
-161.5000E-09,+13.1249998230E-03,-2.7750000003725E+00
-161.0000E-09,+16.2499998696E-03,-2.7750000003725E+00
-160.5000E-09,+16.2499998696E-03,-2.7750000003725E+00
-160.0000E-09,+13.1249998231E-03,-2.7750000003725E+00
-159.5000E-09,+16.2499998696E-03,-2.8375000003723E+00
-159.0000E-09,+16.2499998696E-03,-2.7750000003727E+00
-158.5000E-09,+19.3749999162E-03,-2.7750000003725E+00
-158.0000E-09,+13.1249998231E-03,-2.7750000003725E+00
-157.5000E-09,+19.3749999162E-03,-2.7125000003727E+00
-157.0000E-09,+19.3749999162E-03,-2.7125000003725E+00
-156.5000E-09,+9.9999997765E-03,-2.8375000003722E+00
-156.0000E-09,+9.9999997765E-03,-2.7750000003727E+00
-155.5000E-09,+9.9999997765E-03,-2.8375000003724E+00
-155.0000E-09,+9.9999997765E-03,-2.7750000003727E+00
-154.5000E-09,+9.9999997765E-03,-2.7750000003725E+00
-154.0000E-09,+13.1249998230E-03,-2.8375000003724E+00
-153.5000E-09,+16.2499998696E-03,-2.8375000003725E+00
-153.0000E-09,+13.1249998231E-03,-2.7750000003727E+00
-152.5000E-09,+9.9999997765E-03,-2.7125000003727E+00
-152.0000E-09,+3.7499996834E-03,-2.7125000003725E+00
-151.5000E-09,+624.9996368E-06,-2.7750000003724E+00
-151.0000E-09,-2.5000004098E-03,-2.7750000003725E+00
-150.5000E-09,-5.6250004563E-03,-2.7750000003725E+00
-150.0000E-09,-11.8750005495E-03,-2.7750000003725E+00
-149.5000E-09,-15.0000005960E-03,-2.7125000003727E+00
-149.0000E-09,-15.0000005960E-03,-2.7750000003724E+00
-148.5000E-09,-24.3750007357E-03,-2.7750000003725E+00
-148.0000E-09,-27.5000007823E-03,-2.7750000003725E+00
-147.5000E-09,-27.5000007823E-03,-2.7750000003725E+00
-147.0000E-09,-33.7500008754E-03,-2.7750000003725E+00
-146.5000E-09,-36.8750009220E-03,-2.7750000003725E+00
-146.0000E-09,-30.6250008289E-03,-2.7750000003725E+00
-145.5000E-09,-27.5000007823E-03,-2.8375000003724E+00
-145.0000E-09,-27.5000007823E-03,-2.7125000003728E+00
-144.5000E-09,-27.5000007823E-03,-2.6500000003727E+00
-144.0000E-09,-30.6250008289E-03,-2.7125000003724E+00
-143.5000E-09,-30.6250008289E-03,-2.7750000003724E+00
-143.0000E-09,-27.5000007823E-03,-2.7750000003725E+00
-142.5000E-09,-27.5000007823E-03,-2.7125000003727E+00
-142.0000E-09,-27.5000007823E-03,-2.7125000003725E+00
-141.5000E-09,-27.5000007823E-03,-2.7750000003724E+00
-141.0000E-09,-24.3750007358E-03,-2.7750000003725E+00
-140.5000E-09,-27.5000007823E-03,-2.7750000003725E+00
-140.0000E-09,-27.5000007823E-03,-2.7750000003725E+00
-139.5000E-09,-21.2500006892E-03,-2.7750000003725E+00
-139.0000E-09,-21.2500006892E-03,-2.7750000003725E+00
-138.5000E-09,-21.2500006892E-03,-2.7750000003725E+00
-138.0000E-09,-15.0000005961E-03,-2.7750000003725E+00
-137.5000E-09,-11.8750005495E-03,-2.8375000003724E+00
-137.0000E-09,-8.7500005029E-03,-2.7750000003727E+00
-136.5000E-09,-8.7500005029E-03,-2.7125000003727E+00
-136.0000E-09,-2.5000004098E-03,-2.7125000003725E+00
-135.5000E-09,-2.5000004098E-03,-2.8375000003723E+00
-135.0000E-09,+624.9996368E-06,-2.7750000003727E+00
-134.5000E-09,+3.7499996833E-03,-2.7750000003725E+00
-134.0000E-09,+624.9996368E-06,-2.7750000003725E+00
-133.5000E-09,+3.7499996833E-03,-2.7125000003726E+00
-133.0000E-09,+624.9996368E-06,-2.7750000003724E+00
-132.5000E-09,-2.5000004098E-03,-2.8375000003724E+00
-132.0000E-09,-2.5000004098E-03,-2.7125000003728E+00
-131.5000E-09,+3.7499996833E-03,-2.7750000003724E+00
-131.0000E-09,+624.9996368E-06,-2.7750000003725E+00
-130.5000E-09,+624.9996368E-06,-2.7750000003725E+00
-130.0000E-09,+3.7499996833E-03,-2.8375000003724E+00
-129.5000E-09,+9.9999997765E-03,-2.8375000003725E+00
-129.0000E-09,+6.8749997299E-03,-2.7750000003726E+00
-128.5000E-09,+6.8749997299E-03,-2.6500000003727E+00
-128.0000E-09,+3.7499996834E-03,-2.7125000003724E+00
-127.5000E-09,+3.7499996834E-03,-2.7750000003724E+00
-127.0000E-09,+3.7499996834E-03,-2.7750000003725E+00
-126.5000E-09,+3.7499996834E-03,-2.7750000003725E+00
-126.0000E-09,+3.7499996834E-03,-2.7750000003725E+00
-125.5000E-09,+3.7499996834E-03,-2.7750000003725E+00
-125.0000E-09,-2.5000004098E-03,-2.8375000003724E+00
-124.5000E-09,-2.5000004098E-03,-2.8375000003725E+00
-124.0000E-09,-5.6250004563E-03,-2.7750000003726E+00
-123.5000E-09,-2.5000004098E-03,-2.7125000003726E+00
-123.0000E-09,-8.7500005029E-03,-2.7125000003725E+00
-122.5000E-09,-5.6250004564E-03,-2.7750000003724E+00
-122.0000E-09,-5.6250004563E-03,-2.7750000003725E+00
-121.5000E-09,-5.6250004563E-03,-2.8375000003725E+00
-121.0000E-09,-8.7500005029E-03,-2.7750000003726E+00
-120.5000E-09,-8.7500005029E-03,-2.6500000003727E+00
-120.0000E-09,-8.7500005029E-03,-2.7750000003724E+00
-119.5000E-09,-8.7500005029E-03,-2.7750000003725E+00
-119.0000E-09,-8.7500005029E-03,-2.7125000003726E+00
-118.5000E-09,-8.7500005029E-03,-2.7125000003725E+00
-118.0000E-09,-11.8750005495E-03,-2.7125000003725E+00
-117.5000E-09,-8.7500005029E-03,-2.7125000003725E+00
-117.0000E-09,-8.7500005029E-03,-2.7125000003725E+00
-116.5000E-09,-8.7500005029E-03,-2.8375000003724E+00
-116.0000E-09,-11.8750005495E-03,-2.7750000003726E+00
-115.5000E-09,-8.7500005029E-03,-2.7750000003725E+00
-115.0000E-09,-8.7500005029E-03,-2.7125000003726E+00
-114.5000E-09,-8.7500005029E-03,-2.7750000003725E+00
-114.0000E-09,-5.6250004564E-03,-2.7750000003725E+00
-113.5000E-09,-5.6250004563E-03,-2.8375000003725E+00
-113.0000E-09,-5.6250004563E-03,-2.7750000003726E+00
-112.5000E-09,-8.7500005029E-03,-2.6500000003727E+00
-112.0000E-09,-8.7500005029E-03,-2.7750000003724E+00
-111.5000E-09,-8.7500005029E-03,-2.7125000003726E+00
-111.0000E-09,-8.7500005029E-03,-2.7125000003725E+00
-110.5000E-09,-8.7500005029E-03,-2.7750000003725E+00
-110.0000E-09,-5.6250004564E-03,-2.7750000003725E+00
-109.5000E-09,-5.6250004563E-03,-2.7125000003726E+00
-109.0000E-09,-5.6250004563E-03,-2.7125000003725E+00
-108.5000E-09,-8.7500005029E-03,-2.8375000003724E+00
-108.0000E-09,-5.6250004564E-03,-2.7750000003726E+00
-107.5000E-09,-5.6250004563E-03,-2.7750000003725E+00
-107.0000E-09,-5.6250004563E-03,-2.7750000003725E+00
-106.5000E-09,-5.6250004563E-03,-2.8375000003725E+00
-106.0000E-09,-5.6250004563E-03,-2.8375000003725E+00
-105.5000E-09,-2.5000004098E-03,-2.9000000003724E+00
-105.0000E-09,-2.5000004098E-03,-2.7750000003727E+00
-104.5000E-09,-2.5000004098E-03,-2.7125000003726E+00
-104.0000E-09,-2.5000004098E-03,-2.8375000003724E+00
-103.5000E-09,-2.5000004098E-03,-2.7750000003726E+00
-103.0000E-09,+624.9996368E-06,-2.6500000003727E+00
-102.5000E-09,+624.9996368E-06,-2.7125000003724E+00
-102.0000E-09,+624.9996368E-06,-2.7125000003725E+00
-101.5000E-09,+3.7499996833E-03,-2.7125000003725E+00
-101.0000E-09,-2.5000004098E-03,-2.7125000003725E+00
-100.5000E-09,-2.5000004098E-03,-2.7750000003724E+00
-100.0000E-09,-5.6250004563E-03,-2.7750000003725E+00
-99.5000E-09,-2.5000004098E-03,-2.7750000003725E+00
-99.0000E-09,-5.6250004563E-03,-2.7125000003726E+00
-98.5000E-09,-5.6250004563E-03,-2.7750000003724E+00
-98.0000E-09,-5.6250004563E-03,-2.7750000003725E+00
-97.5000E-09,-5.6250004563E-03,-2.7750000003725E+00
-97.0000E-09,-2.5000004098E-03,-2.7750000003725E+00
-96.5000E-09,-5.6250004563E-03,-2.7125000003726E+00
-96.0000E-09,-5.6250004563E-03,-2.7750000003724E+00
-95.5000E-09,-8.7500005029E-03,-2.7125000003726E+00
-95.0000E-09,-8.7500005029E-03,-2.7125000003725E+00
-94.5000E-09,-8.7500005029E-03,-2.7125000003725E+00
-94.0000E-09,-8.7500005029E-03,-2.7750000003724E+00
-93.5000E-09,-8.7500005029E-03,-2.7125000003726E+00
-93.0000E-09,-8.7500005029E-03,-2.7750000003724E+00
-92.5000E-09,-8.7500005029E-03,-2.7750000003725E+00
-92.0000E-09,-11.8750005495E-03,-2.7125000003726E+00
-91.5000E-09,-11.8750005495E-03,-2.8375000003723E+00
-91.0000E-09,-11.8750005495E-03,-2.7750000003726E+00
-90.5000E-09,-11.8750005495E-03,-2.7750000003725E+00
-90.0000E-09,-11.8750005495E-03,-2.7750000003725E+00
-89.5000E-09,-8.7500005029E-03,-2.8375000003724E+00
-89.0000E-09,-8.7500005029E-03,-2.7750000003726E+00
-88.5000E-09,-11.8750005495E-03,-2.7125000003726E+00
-88.0000E-09,-11.8750005495E-03,-2.7750000003724E+00
-87.5000E-09,-11.8750005495E-03,-2.7750000003725E+00
-87.0000E-09,-8.7500005029E-03,-2.7125000003726E+00
-86.5000E-09,-5.6250004564E-03,-2.7125000003725E+00
-86.0000E-09,-5.6250004563E-03,-2.7750000003724E+00
-85.5000E-09,-2.5000004098E-03,-2.7750000003725E+00
-85.0000E-09,-2.5000004098E-03,-2.7750000003725E+00
-84.5000E-09,-2.5000004098E-03,-2.7750000003725E+00
-84.0000E-09,-2.5000004098E-03,-2.7750000003725E+00
-83.5000E-09,+624.9996368E-06,-2.7750000003725E+00
-83.0000E-09,-2.5000004098E-03,-2.7125000003726E+00
-82.5000E-09,-2.5000004098E-03,-2.7750000003724E+00
-82.0000E-09,+624.9996368E-06,-2.7750000003725E+00
-81.5000E-09,+624.9996368E-06,-2.8375000003724E+00
-81.0000E-09,+3.7499996833E-03,-2.7750000003726E+00
-80.5000E-09,+3.7499996834E-03,-2.6500000003727E+00
-80.0000E-09,+624.9996368E-06,-2.7750000003723E+00
-79.5000E-09,+624.9996368E-06,-2.7125000003726E+00
-79.0000E-09,+624.9996368E-06,-2.7125000003725E+00
-78.5000E-09,+624.9996368E-06,-2.7125000003725E+00
-78.0000E-09,+624.9996368E-06,-2.7750000003724E+00
-77.5000E-09,+3.7499996833E-03,-2.7750000003725E+00
-77.0000E-09,+3.7499996834E-03,-2.7750000003725E+00
-76.5000E-09,+624.9996368E-06,-2.7750000003725E+00
-76.0000E-09,+624.9996368E-06,-2.7750000003725E+00
-75.5000E-09,+3.7499996833E-03,-2.7750000003725E+00
-75.0000E-09,+624.9996368E-06,-2.7125000003726E+00
-74.5000E-09,-2.5000004098E-03,-2.7750000003724E+00
-74.0000E-09,-2.5000004098E-03,-2.7750000003725E+00
-73.5000E-09,-2.5000004098E-03,-2.7750000003725E+00
-73.0000E-09,-5.6250004563E-03,-2.7750000003725E+00
-72.5000E-09,-8.7500005029E-03,-2.6500000003727E+00
-72.0000E-09,-8.7500005029E-03,-2.7125000003724E+00
-71.5000E-09,-8.7500005029E-03,-2.7750000003724E+00
-71.0000E-09,-8.7500005029E-03,-2.7125000003726E+00
-70.5000E-09,-8.7500005029E-03,-2.7125000003725E+00
-70.0000E-09,-8.7500005029E-03,-2.7125000003725E+00
-69.5000E-09,-8.7500005029E-03,-2.7125000003725E+00
-69.0000E-09,-8.7500005029E-03,-2.7125000003725E+00
-68.5000E-09,-8.7500005029E-03,-2.7125000003725E+00
-68.0000E-09,-11.8750005495E-03,-2.7125000003725E+00
-67.5000E-09,-11.8750005495E-03,-2.7750000003724E+00
-67.0000E-09,-15.0000005960E-03,-2.7750000003725E+00
-66.5000E-09,-15.0000005960E-03,-2.7125000003726E+00
-66.0000E-09,-11.8750005495E-03,-2.7125000003725E+00
-65.5000E-09,-8.7500005029E-03,-2.7750000003724E+00
-65.0000E-09,-11.8750005495E-03,-2.7125000003726E+00
-64.5000E-09,-8.7500005029E-03,-2.7125000003725E+00
-64.0000E-09,-11.8750005495E-03,-2.7750000003724E+00
-63.5000E-09,-11.8750005495E-03,-2.7125000003726E+00
-63.0000E-09,-8.7500005029E-03,-2.6500000003726E+00
-62.5000E-09,-11.8750005495E-03,-2.6500000003725E+00
-62.0000E-09,-8.7500005029E-03,-2.6500000003725E+00
-61.5000E-09,-5.6250004564E-03,-2.6500000003725E+00
-61.0000E-09,-8.7500005029E-03,-2.7125000003724E+00
-60.5000E-09,-8.7500005029E-03,-2.7125000003725E+00
-60.0000E-09,-5.6250004564E-03,-2.7125000003725E+00
-59.5000E-09,-5.6250004563E-03,-2.6500000003726E+00
-59.0000E-09,-2.5000004098E-03,-2.6500000003725E+00
-58.5000E-09,-2.5000004098E-03,-2.6500000003725E+00
-58.0000E-09,-2.5000004098E-03,-2.6500000003725E+00
-57.5000E-09,-2.5000004098E-03,-2.7125000003724E+00
-57.0000E-09,+624.9996368E-06,-2.6500000003726E+00
-56.5000E-09,-5.6250004563E-03,-2.5875000003726E+00
-56.0000E-09,-2.5000004098E-03,-2.5875000003725E+00
-55.5000E-09,-2.5000004098E-03,-2.5250000003726E+00
-55.0000E-09,-2.5000004098E-03,-2.4625000003726E+00
-54.5000E-09,-2.5000004098E-03,-2.5250000003724E+00
-54.0000E-09,+624.9996368E-06,-2.5250000003725E+00
-53.5000E-09,+624.9996368E-06,-2.4625000003726E+00
-53.0000E-09,-2.5000004098E-03,-2.4000000003726E+00
-52.5000E-09,-2.5000004098E-03,-2.3375000003726E+00
-52.0000E-09,-2.5000004098E-03,-2.2750000003726E+00
-51.5000E-09,-2.5000004098E-03,-2.2125000003726E+00
-51.0000E-09,-2.5000004098E-03,-2.1500000003726E+00
-50.5000E-09,-5.6250004563E-03,-2.0875000003726E+00
-50.0000E-09,-2.5000004098E-03,-2.0250000003726E+00
-49.5000E-09,-2.5000004098E-03,-2.0250000003725E+00
-49.0000E-09,-2.5000004098E-03,-1.9000000003728E+00
-48.5000E-09,-5.6250004563E-03,-1.7750000003728E+00
-48.0000E-09,-2.5000004098E-03,-1.7750000003725E+00
-47.5000E-09,-5.6250004563E-03,-1.7750000003725E+00
-47.0000E-09,-5.6250004563E-03,-1.7125000003726E+00
-46.5000E-09,-2.5000004098E-03,-1.7125000003725E+00
-46.0000E-09,-5.6250004563E-03,-1.7125000003725E+00
-45.5000E-09,-2.5000004098E-03,-1.6500000003727E+00
-45.0000E-09,-2.5000004098E-03,-1.7125000003724E+00
-44.5000E-09,-2.5000004098E-03,-1.7125000003725E+00
-44.0000E-09,-5.6250004563E-03,-1.6500000003727E+00
-43.5000E-09,-2.5000004098E-03,-1.5875000003727E+00
-43.0000E-09,-5.6250004563E-03,-1.5875000003725E+00
-42.5000E-09,-5.6250004563E-03,-1.5875000003725E+00
-42.0000E-09,-5.6250004563E-03,-1.5875000003725E+00
-41.5000E-09,-5.6250004563E-03,-1.5875000003725E+00
-41.0000E-09,-8.7500005029E-03,-1.5250000003727E+00
-40.5000E-09,-8.7500005029E-03,-1.4000000003728E+00
-40.0000E-09,-5.6250004564E-03,-1.4625000003724E+00
-39.5000E-09,-5.6250004563E-03,-1.4000000003727E+00
-39.0000E-09,-8.7500005029E-03,-1.3375000003727E+00
-38.5000E-09,-8.7500005029E-03,-1.3375000003725E+00
-38.0000E-09,-8.7500005029E-03,-1.3375000003725E+00
-37.5000E-09,-8.7500005029E-03,-1.2750000003727E+00
-37.0000E-09,-5.6250004564E-03,-1.2125000003727E+00
-36.5000E-09,-5.6250004563E-03,-1.2125000003725E+00
-36.0000E-09,-5.6250004563E-03,-1.2125000003725E+00
-35.5000E-09,-5.6250004563E-03,-1.1500000003727E+00
-35.0000E-09,-8.7500005029E-03,-1.0875000003727E+00
-34.5000E-09,-5.6250004564E-03,-1.0875000003725E+00
-34.0000E-09,-5.6250004563E-03,-1.1500000003724E+00
-33.5000E-09,-5.6250004563E-03,-1.2125000003724E+00
-33.0000E-09,-2.5000004098E-03,-1.1500000003727E+00
-32.5000E-09,-5.6250004563E-03,-1.0250000003728E+00
-32.0000E-09,-5.6250004563E-03,-1.0250000003725E+00
-31.5000E-09,-8.7500005029E-03,-1.0875000003724E+00
-31.0000E-09,-5.6250004564E-03,-1.0250000003727E+00
-30.5000E-09,-2.5000004098E-03,-1.0250000003725E+00
-30.0000E-09,-5.6250004563E-03,-1.0250000003725E+00
-29.5000E-09,-2.5000004098E-03,-962.5000003727E-03
-29.0000E-09,-2.5000004098E-03,-1.0250000003724E+00
-28.5000E-09,-5.6250004563E-03,-962.5000003727E-03
-28.0000E-09,-5.6250004563E-03,-900.0000003727E-03
-27.5000E-09,-2.5000004098E-03,-962.5000003724E-03
-27.0000E-09,-2.5000004098E-03,-837.5000003728E-03
-26.5000E-09,-5.6250004563E-03,-837.5000003725E-03
-26.0000E-09,-5.6250004563E-03,-837.5000003725E-03
-25.5000E-09,-2.5000004098E-03,-837.5000003725E-03
-25.0000E-09,+624.9996368E-06,-837.5000003725E-03
-24.5000E-09,-2.5000004098E-03,-775.0000003727E-03
-24.0000E-09,-2.5000004098E-03,-775.0000003725E-03
-23.5000E-09,-5.6250004563E-03,-712.5000003727E-03
-23.0000E-09,-2.5000004098E-03,-712.5000003725E-03
-22.5000E-09,-5.6250004563E-03,-712.5000003725E-03
-22.0000E-09,-5.6250004563E-03,-712.5000003725E-03
-21.5000E-09,-2.5000004098E-03,-712.5000003725E-03
-21.0000E-09,-2.5000004098E-03,-712.5000003725E-03
-20.5000E-09,-5.6250004563E-03,-712.5000003725E-03
-20.0000E-09,-5.6250004563E-03,-650.0000003727E-03
-19.5000E-09,-5.6250004563E-03,-650.0000003725E-03
-19.0000E-09,-5.6250004563E-03,-650.0000003725E-03
-18.5000E-09,-5.6250004563E-03,-587.5000003727E-03
-18.0000E-09,-5.6250004563E-03,-650.0000003724E-03
-17.5000E-09,-5.6250004563E-03,-712.5000003724E-03
-17.0000E-09,-5.6250004563E-03,-587.5000003728E-03
-16.5000E-09,-8.7500005029E-03,-525.0000003727E-03
-16.0000E-09,-8.7500005029E-03,-525.0000003725E-03
-15.5000E-09,-8.7500005029E-03,-525.0000003725E-03
-15.0000E-09,-8.7500005029E-03,-587.5000003724E-03
-14.5000E-09,-8.7500005029E-03,-587.5000003725E-03
-14.0000E-09,-8.7500005029E-03,-525.0000003727E-03
-13.5000E-09,-8.7500005029E-03,-525.0000003725E-03
-13.0000E-09,-8.7500005029E-03,-525.0000003725E-03
-12.5000E-09,-8.7500005029E-03,-525.0000003725E-03
-12.0000E-09,-5.6250004564E-03,-525.0000003725E-03
-11.5000E-09,-2.5000004098E-03,-462.5000003727E-03
-11.0000E-09,-8.7500005029E-03,-400.0000003727E-03
-10.5000E-09,-8.7500005029E-03,-462.5000003724E-03
-10.0000E-09,-8.7500005029E-03,-525.0000003724E-03
-9.5000E-09,-5.6250004564E-03,-525.0000003725E-03
-9.0000E-09,-5.6250004563E-03,-462.5000003727E-03
-8.5000E-09,-8.7500005029E-03,-400.0000003727E-03
-8.0000E-09,-5.6250004564E-03,-400.0000003725E-03
-7.5000E-09,-8.7500005029E-03,-400.0000003725E-03
-7.0000E-09,-2.5000004098E-03,-462.5000003724E-03
-6.5000E-09,-2.5000004098E-03,-337.5000003728E-03
-6.0000E-09,-5.6250004563E-03,-400.0000003724E-03
-5.5000E-09,-5.6250004563E-03,-337.5000003727E-03
-5.0000E-09,-5.6250004563E-03,-400.0000003724E-03
-4.5000E-09,-5.6250004563E-03,-400.0000003725E-03
-4.0000E-09,-5.6250004563E-03,-400.0000003725E-03
-3.5000E-09,-2.5000004098E-03,-400.0000003725E-03
-3.0000E-09,-5.6250004563E-03,-337.5000003727E-03
-2.5000E-09,-5.6250004563E-03,-400.0000003724E-03
-2.0000E-09,-2.5000004098E-03,-337.5000003727E-03
-1.5000E-09,+624.9996368E-06,-462.5000003723E-03
-1.0000E-09,-2.5000004098E-03,-337.5000003728E-03
-500.0E-12,-2.5000004098E-03,-275.0000003727E-03
-0.0E+00,-2.5000004098E-03,-337.5000003724E-03
+500.0E-12,-5.6250004563E-03,-337.5000003725E-03
+1.0000E-09,+624.9996368E-06,-337.5000003725E-03
+1.5000E-09,-2.5000004098E-03,-337.5000003725E-03
+2.0000E-09,-2.5000004098E-03,-400.0000003724E-03
+2.5000E-09,-2.5000004098E-03,-275.0000003728E-03
+3.0000E-09,-2.5000004098E-03,-337.5000003724E-03
+3.5000E-09,-8.7500005029E-03,-400.0000003724E-03
+4.0000E-09,-5.6250004564E-03,-275.0000003728E-03
+4.5000E-09,-2.5000004098E-03,-275.0000003725E-03
+5.0000E-09,-5.6250004563E-03,-275.0000003725E-03
+5.5000E-09,-5.6250004563E-03,-275.0000003725E-03
+6.0000E-09,-2.5000004098E-03,-275.0000003725E-03
+6.5000E-09,-5.6250004563E-03,-337.5000003724E-03
+7.0000E-09,-2.5000004098E-03,-275.0000003727E-03
+7.5000E-09,-8.7500005029E-03,-212.5000003727E-03
+8.0000E-09,-8.7500005029E-03,-275.0000003724E-03
+8.5000E-09,-5.6250004564E-03,-212.5000003727E-03
+9.0000E-09,-5.6250004563E-03,-150.0000003727E-03
+9.5000E-09,-5.6250004563E-03,-150.0000003725E-03
+10.0000E-09,-8.7500005029E-03,-212.5000003724E-03
+10.5000E-09,-8.7500005029E-03,-150.0000003727E-03
+11.0000E-09,-5.6250004564E-03,-212.5000003724E-03
+11.5000E-09,-8.7500005029E-03,-275.0000003724E-03
+12.0000E-09,-8.7500005029E-03,-150.0000003728E-03
+12.5000E-09,-5.6250004564E-03,-150.0000003725E-03
+13.0000E-09,-8.7500005029E-03,-212.5000003724E-03
+13.5000E-09,-8.7500005029E-03,-212.5000003725E-03
+14.0000E-09,-5.6250004564E-03,-212.5000003725E-03
+14.5000E-09,-5.6250004563E-03,-275.0000003724E-03
+15.0000E-09,-5.6250004563E-03,-150.0000003728E-03
+15.5000E-09,-5.6250004563E-03,-212.5000003724E-03
+16.0000E-09,-5.6250004563E-03,-275.0000003724E-03
+16.5000E-09,-5.6250004563E-03,-275.0000003725E-03
+17.0000E-09,-5.6250004563E-03,-212.5000003727E-03
+17.5000E-09,-8.7500005029E-03,-212.5000003725E-03
+18.0000E-09,-5.6250004564E-03,-275.0000003724E-03
+18.5000E-09,-2.5000004098E-03,-150.0000003728E-03
+19.0000E-09,-5.6250004563E-03,-212.5000003724E-03
+19.5000E-09,-8.7500005029E-03,-212.5000003725E-03
+20.0000E-09,-5.6250004564E-03,-150.0000003727E-03
+20.5000E-09,-2.5000004098E-03,-150.0000003725E-03
+21.0000E-09,-5.6250004563E-03,-150.0000003725E-03
+21.5000E-09,-5.6250004563E-03,-150.0000003725E-03
+22.0000E-09,-5.6250004563E-03,-150.0000003725E-03
+22.5000E-09,-2.5000004098E-03,-212.5000003724E-03
+23.0000E-09,-5.6250004563E-03,-150.0000003727E-03
+23.5000E-09,-8.7500005029E-03,-87.5000003727E-03
+24.0000E-09,-5.6250004564E-03,-150.0000003724E-03
+24.5000E-09,-5.6250004563E-03,-212.5000003724E-03
+25.0000E-09,-5.6250004563E-03,-150.0000003727E-03
+25.5000E-09,-2.5000004098E-03,-87.5000003727E-03
+26.0000E-09,-5.6250004563E-03,-212.5000003723E-03
+26.5000E-09,-2.5000004098E-03,-87.5000003728E-03
+27.0000E-09,+624.9996368E-06,-150.0000003724E-03
+27.5000E-09,-5.6250004563E-03,-150.0000003725E-03
+28.0000E-09,-5.6250004563E-03,-150.0000003725E-03
+28.5000E-09,+624.9996368E-06,-87.5000003727E-03
+29.0000E-09,-2.5000004098E-03,-150.0000003724E-03
+29.5000E-09,-5.6250004563E-03,-150.0000003725E-03
+30.0000E-09,-5.6250004563E-03,-150.0000003725E-03
+30.5000E-09,-2.5000004098E-03,-275.0000003723E-03
+31.0000E-09,-5.6250004563E-03,-150.0000003728E-03
+31.5000E-09,-8.7500005029E-03,-87.5000003727E-03
+32.0000E-09,-5.6250004564E-03,-87.5000003725E-03
+32.5000E-09,-5.6250004563E-03,-150.0000003724E-03
+33.0000E-09,-5.6250004563E-03,-87.5000003727E-03
+33.5000E-09,-5.6250004563E-03,-87.5000003725E-03
+34.0000E-09,-2.5000004098E-03,-212.5000003723E-03
+34.5000E-09,-2.5000004098E-03,-150.0000003727E-03
+35.0000E-09,-5.6250004563E-03,-150.0000003725E-03
+35.5000E-09,-8.7500005029E-03,-150.0000003725E-03
+36.0000E-09,-5.6250004564E-03,-150.0000003725E-03
+36.5000E-09,-5.6250004563E-03,-87.5000003727E-03
+37.0000E-09,-8.7500005029E-03,-87.5000003725E-03
+37.5000E-09,-8.7500005029E-03,-150.0000003724E-03
+38.0000E-09,-5.6250004564E-03,-87.5000003727E-03
+38.5000E-09,-5.6250004563E-03,-212.5000003723E-03
+39.0000E-09,-5.6250004563E-03,-87.5000003728E-03
+39.5000E-09,-8.7500005029E-03,-25.0000003727E-03
+40.0000E-09,-5.6250004564E-03,-87.5000003724E-03
+40.5000E-09,-5.6250004563E-03,-87.5000003725E-03
+41.0000E-09,-8.7500005029E-03,-87.5000003725E-03
+41.5000E-09,-5.6250004564E-03,-87.5000003725E-03
+42.0000E-09,-2.5000004098E-03,-87.5000003725E-03
+42.5000E-09,-2.5000004098E-03,-150.0000003724E-03
+43.0000E-09,-2.5000004098E-03,-87.5000003727E-03
+43.5000E-09,-5.6250004563E-03,-87.5000003725E-03
+44.0000E-09,-5.6250004563E-03,-87.5000003725E-03
+44.5000E-09,-5.6250004563E-03,-87.5000003725E-03
+45.0000E-09,-8.7500005029E-03,-87.5000003725E-03
+45.5000E-09,-5.6250004564E-03,-87.5000003725E-03
+46.0000E-09,-5.6250004563E-03,-150.0000003724E-03
+46.5000E-09,-5.6250004563E-03,-150.0000003725E-03
+47.0000E-09,-2.5000004098E-03,-87.5000003727E-03
+47.5000E-09,-5.6250004563E-03,-87.5000003725E-03
+48.0000E-09,-5.6250004563E-03,-87.5000003725E-03
+48.5000E-09,-5.6250004563E-03,-87.5000003725E-03
+49.0000E-09,-5.6250004563E-03,-87.5000003725E-03
+49.5000E-09,-2.5000004098E-03,-25.0000003727E-03
+50.0000E-09,-2.5000004098E-03,-87.5000003724E-03
+50.5000E-09,-2.5000004098E-03,-87.5000003725E-03
+51.0000E-09,-5.6250004563E-03,-87.5000003725E-03
+51.5000E-09,-5.6250004563E-03,-150.0000003724E-03
+52.0000E-09,-5.6250004563E-03,-87.5000003727E-03
+52.5000E-09,-2.5000004098E-03,-87.5000003725E-03
+53.0000E-09,-5.6250004563E-03,-25.0000003727E-03
+53.5000E-09,-5.6250004563E-03,-87.5000003724E-03
+54.0000E-09,-5.6250004563E-03,-87.5000003725E-03
+54.5000E-09,-5.6250004563E-03,-212.5000003723E-03
+55.0000E-09,-8.7500005029E-03,-87.5000003728E-03
+55.5000E-09,-8.7500005029E-03,-87.5000003725E-03
+56.0000E-09,-5.6250004564E-03,-87.5000003725E-03
+56.5000E-09,-5.6250004563E-03,-87.5000003725E-03
+57.0000E-09,-2.5000004098E-03,-87.5000003725E-03
+57.5000E-09,-2.5000004098E-03,-25.0000003727E-03
+58.0000E-09,-5.6250004563E-03,-150.0000003722E-03
+58.5000E-09,-5.6250004563E-03,-87.5000003727E-03
+59.0000E-09,-5.6250004563E-03,-87.5000003725E-03
+59.5000E-09,-8.7500005029E-03,-87.5000003725E-03
+60.0000E-09,-5.6250004564E-03,-25.0000003727E-03
+60.5000E-09,-5.6250004563E-03,-87.5000003724E-03
+61.0000E-09,-5.6250004563E-03,-87.5000003725E-03
+61.5000E-09,-5.6250004563E-03,-87.5000003725E-03
+62.0000E-09,-5.6250004563E-03,-87.5000003725E-03
+62.5000E-09,-5.6250004563E-03,-87.5000003725E-03
+63.0000E-09,-5.6250004563E-03,-87.5000003725E-03
+63.5000E-09,-8.7500005029E-03,-87.5000003725E-03
+64.0000E-09,-5.6250004564E-03,-150.0000003724E-03
+64.5000E-09,-8.7500005029E-03,-150.0000003725E-03
+65.0000E-09,-5.6250004564E-03,-87.5000003727E-03
+65.5000E-09,-8.7500005029E-03,-25.0000003727E-03
+66.0000E-09,-8.7500005029E-03,-87.5000003724E-03
+66.5000E-09,-2.5000004098E-03,-150.0000003724E-03
+67.0000E-09,-5.6250004563E-03,-87.5000003727E-03
+67.5000E-09,-5.6250004563E-03,-87.5000003725E-03
+68.0000E-09,-5.6250004563E-03,-25.0000003727E-03
+68.5000E-09,-2.5000004098E-03,-87.5000003724E-03
+69.0000E-09,-5.6250004563E-03,-87.5000003725E-03
+69.5000E-09,-8.7500005029E-03,-150.0000003724E-03
+70.0000E-09,-5.6250004564E-03,-87.5000003727E-03
+70.5000E-09,-5.6250004563E-03,-87.5000003725E-03
+71.0000E-09,-5.6250004563E-03,-87.5000003725E-03
+71.5000E-09,-5.6250004563E-03,-25.0000003727E-03
+72.0000E-09,-5.6250004563E-03,-87.5000003724E-03
+72.5000E-09,-2.5000004098E-03,-150.0000003724E-03
+73.0000E-09,-2.5000004098E-03,-87.5000003727E-03
+73.5000E-09,-2.5000004098E-03,-25.0000003727E-03
+74.0000E-09,-5.6250004563E-03,-87.5000003724E-03
+74.5000E-09,-5.6250004563E-03,-87.5000003725E-03
+75.0000E-09,-5.6250004563E-03,-150.0000003724E-03
+75.5000E-09,-5.6250004563E-03,-150.0000003725E-03
+76.0000E-09,-5.6250004563E-03,-87.5000003727E-03
+76.5000E-09,-2.5000004098E-03,-87.5000003725E-03
+77.0000E-09,-2.5000004098E-03,-87.5000003725E-03
+77.5000E-09,-5.6250004563E-03,-87.5000003725E-03
+78.0000E-09,-2.5000004098E-03,-87.5000003725E-03
+78.5000E-09,-2.5000004098E-03,-150.0000003724E-03
+79.0000E-09,-2.5000004098E-03,-87.5000003727E-03
+79.5000E-09,-5.6250004563E-03,-25.0000003727E-03
+80.0000E-09,-5.6250004563E-03,-87.5000003724E-03
+80.5000E-09,-5.6250004563E-03,-87.5000003725E-03
+81.0000E-09,-5.6250004563E-03,-25.0000003727E-03
+81.5000E-09,-5.6250004563E-03,-25.0000003725E-03
+82.0000E-09,-5.6250004563E-03,-212.5000003721E-03
+82.5000E-09,-2.5000004098E-03,-87.5000003728E-03
+83.0000E-09,-2.5000004098E-03,-87.5000003725E-03
+83.5000E-09,-8.7500005029E-03,-87.5000003725E-03
+84.0000E-09,-5.6250004564E-03,-150.0000003724E-03
+84.5000E-09,-5.6250004563E-03,-87.5000003727E-03
+85.0000E-09,-8.7500005029E-03,-87.5000003725E-03
+85.5000E-09,-5.6250004564E-03,-150.0000003724E-03
+86.0000E-09,-5.6250004563E-03,-150.0000003725E-03
+86.5000E-09,-5.6250004563E-03,-150.0000003725E-03
+87.0000E-09,-8.7500005029E-03,-87.5000003727E-03
+87.5000E-09,-5.6250004564E-03,-87.5000003725E-03
+88.0000E-09,-5.6250004563E-03,-87.5000003725E-03
+88.5000E-09,-8.7500005029E-03,-87.5000003725E-03
+89.0000E-09,-5.6250004564E-03,-25.0000003727E-03
+89.5000E-09,-5.6250004563E-03,-25.0000003725E-03
+90.0000E-09,-5.6250004563E-03,-150.0000003722E-03
+90.5000E-09,-5.6250004563E-03,-87.5000003727E-03
+91.0000E-09,-2.5000004098E-03,-87.5000003725E-03
+91.5000E-09,-8.7500005029E-03,-87.5000003725E-03
+92.0000E-09,-8.7500005029E-03,-87.5000003725E-03
+92.5000E-09,-5.6250004564E-03,-25.0000003727E-03
+93.0000E-09,-8.7500005029E-03,-25.0000003725E-03
+93.5000E-09,-5.6250004564E-03,-87.5000003724E-03
+94.0000E-09,-5.6250004563E-03,-87.5000003725E-03
+94.5000E-09,-5.6250004563E-03,-150.0000003724E-03
+95.0000E-09,-5.6250004563E-03,-87.5000003727E-03
+95.5000E-09,-5.6250004563E-03,-25.0000003727E-03
+96.0000E-09,-8.7500005029E-03,-87.5000003724E-03
+96.5000E-09,-5.6250004564E-03,-87.5000003725E-03
+97.0000E-09,-5.6250004563E-03,-25.0000003727E-03
+97.5000E-09,-2.5000004098E-03,-87.5000003724E-03
+98.0000E-09,-2.5000004098E-03,-87.5000003725E-03
+98.5000E-09,-2.5000004098E-03,-25.0000003727E-03
+99.0000E-09,+624.9996368E-06,-25.0000003725E-03
+99.5000E-09,-2.5000004098E-03,-87.5000003724E-03
+100.0000E-09,-5.6250004563E-03,-87.5000003725E-03
+100.5000E-09,-5.6250004563E-03,-87.5000003725E-03
+101.0000E-09,-5.6250004563E-03,-87.5000003725E-03
+101.5000E-09,-5.6250004563E-03,-25.0000003727E-03
+102.0000E-09,-5.6250004563E-03,-87.5000003724E-03
+102.5000E-09,-5.6250004563E-03,-87.5000003725E-03
+103.0000E-09,-5.6250004563E-03,-25.0000003727E-03
+103.5000E-09,-8.7500005029E-03,-87.5000003724E-03
+104.0000E-09,-5.6250004564E-03,-87.5000003725E-03
+104.5000E-09,-5.6250004563E-03,-87.5000003725E-03
+105.0000E-09,-2.5000004098E-03,-87.5000003725E-03
+105.5000E-09,-2.5000004098E-03,-87.5000003725E-03
+106.0000E-09,-5.6250004563E-03,-87.5000003725E-03
+106.5000E-09,-2.5000004098E-03,-87.5000003725E-03
+107.0000E-09,-5.6250004563E-03,-87.5000003725E-03
+107.5000E-09,-5.6250004563E-03,-150.0000003724E-03
+108.0000E-09,-5.6250004563E-03,-25.0000003729E-03
+108.5000E-09,-2.5000004098E-03,-87.5000003724E-03
+109.0000E-09,-5.6250004563E-03,-87.5000003725E-03
+109.5000E-09,-5.6250004563E-03,-25.0000003727E-03
+110.0000E-09,-5.6250004563E-03,-87.5000003724E-03
+110.5000E-09,-5.6250004563E-03,-150.0000003724E-03
+111.0000E-09,-5.6250004563E-03,-150.0000003725E-03
+111.5000E-09,-5.6250004563E-03,-87.5000003727E-03
+112.0000E-09,-5.6250004563E-03,-87.5000003725E-03
+112.5000E-09,-5.6250004563E-03,-150.0000003724E-03
+113.0000E-09,-5.6250004563E-03,-87.5000003727E-03
+113.5000E-09,-5.6250004563E-03,-25.0000003727E-03
+114.0000E-09,-5.6250004563E-03,-87.5000003724E-03
+114.5000E-09,-5.6250004563E-03,-25.0000003727E-03
+115.0000E-09,-5.6250004563E-03,-25.0000003725E-03
+115.5000E-09,-8.7500005029E-03,-87.5000003724E-03
+116.0000E-09,-5.6250004564E-03,-87.5000003725E-03
+116.5000E-09,-2.5000004098E-03,-87.5000003725E-03
+117.0000E-09,-5.6250004563E-03,-87.5000003725E-03
+117.5000E-09,-5.6250004563E-03,-25.0000003727E-03
+118.0000E-09,-5.6250004563E-03,-87.5000003724E-03
+118.5000E-09,-5.6250004563E-03,-150.0000003724E-03
+119.0000E-09,-2.5000004098E-03,-25.0000003729E-03
+119.5000E-09,-8.7500005029E-03,-25.0000003725E-03
+120.0000E-09,-8.7500005029E-03,-87.5000003724E-03
+120.5000E-09,-8.7500005029E-03,-87.5000003725E-03
+121.0000E-09,-5.6250004564E-03,-87.5000003725E-03
+121.5000E-09,-5.6250004563E-03,-87.5000003725E-03
+122.0000E-09,-5.6250004563E-03,-150.0000003724E-03
+122.5000E-09,-5.6250004563E-03,-87.5000003727E-03
+123.0000E-09,-2.5000004098E-03,-87.5000003725E-03
+123.5000E-09,-5.6250004563E-03,-87.5000003725E-03
+124.0000E-09,-5.6250004563E-03,-25.0000003727E-03
+124.5000E-09,-5.6250004563E-03,-87.5000003724E-03
+125.0000E-09,-8.7500005029E-03,-87.5000003725E-03
+125.5000E-09,-8.7500005029E-03,-87.5000003725E-03
+126.0000E-09,-5.6250004564E-03,-150.0000003724E-03
+126.5000E-09,-8.7500005029E-03,-150.0000003725E-03
+127.0000E-09,-11.8750005495E-03,-87.5000003727E-03
+127.5000E-09,-24.3750007357E-03,-25.0000003727E-03
+128.0000E-09,-33.7500008754E-03,-87.5000003724E-03
+128.5000E-09,-46.2500010617E-03,-25.0000003727E-03
+129.0000E-09,-52.5000011548E-03,-87.5000003724E-03
+129.5000E-09,-61.8750012945E-03,-25.0000003727E-03
+130.0000E-09,-58.7500012480E-03,-87.5000003724E-03
+130.5000E-09,-55.6250012014E-03,-25.0000003727E-03
+131.0000E-09,-49.3750011083E-03,-87.5000003724E-03
+131.5000E-09,-43.1250010152E-03,-87.5000003725E-03
+132.0000E-09,-36.8750009220E-03,-25.0000003727E-03
+132.5000E-09,-27.5000007823E-03,-87.5000003724E-03
+133.0000E-09,-27.5000007823E-03,-87.5000003725E-03
+133.5000E-09,-27.5000007823E-03,-87.5000003725E-03
+134.0000E-09,-24.3750007358E-03,-87.5000003725E-03
+134.5000E-09,-24.3750007357E-03,-150.0000003724E-03
+135.0000E-09,-24.3750007357E-03,-87.5000003727E-03
+135.5000E-09,-21.2500006892E-03,-25.0000003727E-03
+136.0000E-09,-21.2500006892E-03,-87.5000003724E-03
+136.5000E-09,-18.1250006426E-03,-87.5000003725E-03
+137.0000E-09,-15.0000005961E-03,-87.5000003725E-03
+137.5000E-09,-11.8750005495E-03,+37.4999996272E-03
+138.0000E-09,-11.8750005495E-03,-25.0000003724E-03
+138.5000E-09,-8.7500005029E-03,-25.0000003725E-03
+139.0000E-09,-5.6250004564E-03,-25.0000003725E-03
+139.5000E-09,-2.5000004098E-03,-150.0000003723E-03
+140.0000E-09,-2.5000004098E-03,-87.5000003726E-03
+140.5000E-09,+3.7499996833E-03,+37.4999996272E-03
+141.0000E-09,+624.9996368E-06,-25.0000003724E-03
+141.5000E-09,+3.7499996833E-03,-25.0000003725E-03
+142.0000E-09,+3.7499996834E-03,-25.0000003725E-03
+142.5000E-09,+624.9996368E-06,-87.5000003724E-03
+143.0000E-09,+624.9996368E-06,+37.4999996273E-03
+143.5000E-09,+3.7499996833E-03,+99.9999996274E-03
+144.0000E-09,+624.9996368E-06,-87.5000003722E-03
+144.5000E-09,+624.9996368E-06,-87.5000003725E-03
+145.0000E-09,+624.9996368E-06,-25.0000003726E-03
+145.5000E-09,+624.9996368E-06,-25.0000003725E-03
+146.0000E-09,+3.7499996833E-03,-87.5000003724E-03
+146.5000E-09,+3.7499996834E-03,-87.5000003725E-03
+147.0000E-09,+3.7499996834E-03,-25.0000003726E-03
+147.5000E-09,-2.5000004098E-03,-25.0000003725E-03
+148.0000E-09,-2.5000004098E-03,-25.0000003725E-03
+148.5000E-09,+624.9996368E-06,-25.0000003725E-03
+149.0000E-09,-2.5000004098E-03,-25.0000003725E-03
+149.5000E-09,-2.5000004098E-03,-87.5000003724E-03
+150.0000E-09,-2.5000004098E-03,-87.5000003725E-03
+150.5000E-09,-2.5000004098E-03,-87.5000003725E-03
+151.0000E-09,-2.5000004098E-03,-25.0000003726E-03
+151.5000E-09,-5.6250004563E-03,+37.4999996274E-03
+152.0000E-09,-5.6250004563E-03,-25.0000003724E-03
+152.5000E-09,-5.6250004563E-03,-25.0000003725E-03
+153.0000E-09,-5.6250004563E-03,-25.0000003725E-03
+153.5000E-09,-8.7500005029E-03,-25.0000003725E-03
+154.0000E-09,-8.7500005029E-03,-25.0000003725E-03
+154.5000E-09,-5.6250004564E-03,+37.4999996274E-03
+155.0000E-09,-8.7500005029E-03,-25.0000003725E-03
+155.5000E-09,-8.7500005029E-03,-87.5000003725E-03
+156.0000E-09,-8.7500005029E-03,-87.5000003725E-03
+156.5000E-09,-5.6250004564E-03,-25.0000003726E-03
